<?xml version="1.0" encoding="utf-8"?>
<openerp>
    <data>
    	
    	<record id="view_picking_form_inherit" model="ir.ui.view">
            <field name="name">stock.picking.form.inherit</field>
            <field name="model">stock.picking</field>
            <field name="inherit_id" ref="stock.view_picking_form"/>
            <field name="arch" type="xml">
            	<xpath expr="//field[@name='partner_id']" position="replace">
            		<field name="partner_id" on_change="onchange_partner_in(partner_id)" domain="[('company_id','=',company_id)]"/>
            	</xpath>
            </field>
        </record>
    
        <record id="view_picking_out_form_inherit" model="ir.ui.view">
            <field name="name">stock.picking.out.form.inherit</field>
            <field name="model">stock.picking.out</field>
            <field name="inherit_id" ref="stock.view_picking_out_form"/>
            <field name="arch" type="xml">
            	<xpath expr="//field[@name='partner_id']" position="replace">
            		<field name="partner_id" on_change="onchange_partner_in(partner_id)" string="Customer" domain="[('customer','=',True),('company_id','=',company_id)]" />
            	</xpath>
            </field>
        </record>
        
        <record id="view_picking_in_form_inherit" model="ir.ui.view">
            <field name="name">stock.picking.in.form.inherit</field>
            <field name="model">stock.picking.in</field>
            <field name="inherit_id" ref="stock.view_picking_in_form"/>
            <field name="arch" type="xml">
            	<xpath expr="//field[@name='partner_id']" position="replace">
            		<field name="partner_id" on_change="onchange_partner_in(partner_id)" string="Supplier" domain="[('supplier','=',True),('company_id','=',company_id)]" context="{'default_supplier':1,'default_customer':0}"/>
            	</xpath>
            </field>
        </record>
        
    </data>
</openerp>
